Workbook

Sheet Instruções
B1: Controle de vagas
B3: Boas-vindas! 💚
B4: As instruções abaixo vão te ajudar a usar essa planilha da melhor forma! | I4: Participe da nossa comunidade no WhatsApp! O lugar certo para quem precisa ficar por dentro das atualizações do RH e DP, eventos e tendências!
B6: Essa planilha vai te ajudar com:
B7: ✔️ Organização de seu processo de recrutamento e seleção
B8: ✔️ Acompanhamento do valor médio investido
B9: ✔️ Analise do tempo de fechamento da vaga
B11: Passo 1: A aba "Base de Dados" deve ser usada como apoio para demais abas. Há instruções de uso lá mesmo :) | J11: Quero participar!
B12: Passo 2: Na aba "Visão geral", adicione informações sobre as vagas em aberto.
B13: Isso vai ajudar na criação do resumo em "Indicadores".
B14: Passo 3: Na aba "Indicadores", você encontra um resumo com os principais índices
B15: quali e quantitativos na gestão das suas vagas.
B16: Bônus: A aba "Materiais relevantes" foi criada para potencializar ainda mais o recrutamento e seleção da sua empresa.
B17: Todos os materiais são gratuitos. Aproveite!

Sheet Base de dados
B1: Base de dados
B3: Utilize essa aba como apoio para a aba "Visão geral". Assim, você não corre o risco de perder as configurações das planilhas :)
B5: Área | C5: Pessoa recrutadora | D5: Perfil da vaga (Cargo) | E5: Status da vaga
B6: Adicione outras áreas nesta coluna. | C6: Adicione o nome de outras pessoas recrutadoras nesta coluna. | D6: Adicione outros cargos nesta coluna. | E6: Adicione outros status para vagas nesta coluna.
B7: Administrativo | C7: Ana | D7: Analista | E7: Congelada
B8: Atendimento | C8: Carolina | D8: Assistente | E8: Em aprovação
B9: Compras | C9: Jéssica | D9: Coordenador | E9: Fechada
B10: Contabilidade | C10: Joice | D10: Desenvolvedor | E10: Publicada
B11: Engenharia | C11: Rafael | D11: Diretor | E11: Rascunho
B12: Financeiro | C12: Marina | D12: Especialista
B13: Inovação | D13: Estagiário
B14: Jurídico | D14: Gerente
B15: Logística | D15: Jovem Aprendiz
B16: Marketing | D16: Supervisor
B17: Operação | D17: Trainee
B18: Projetos
B19: Recursos Humanos
B20: Segurança
B21: TI
B22: Vendas

Sheet Visão geral
B1: Visão geral
B3: Título da vaga (função) | C3: Perfil da vaga (cargo) | D3: Área solicitante | E3: Pessoa solicitante | F3: Pessoa recrutadora | G3: Quantidade de posições abertas | H3: Quantidade de vagas preenchidas | I3: Quantidade de pessoas candidatas | J3: Cidade/Estado | K3: Plataformas | L3: Data da publicação | M3: Data do fechamento | N3: Quantidade de dias em que a vaga ficou aberta | O3: Investimento | P3: Status da vaga | Q3: Observações
B4: O título da vaga, por exemplo: Analista de DP, Gerente de Marketing, etc. Campo livre. | C4: Selecione o perfil: assistente, analista, coordenador etc. Se não encontrar o perfil, adicione-o na aba "Base de dados". | D4: Selecione a área solicitante: administrativo, financeiro, marketing etc. Se não encontrar a área, adicione-a na aba "Base de dados". | E4: Nome da pessoa que solicitou a abertura da vaga Campo livre. | F4: Selecione o nome da pessoa responsável pelo recrutamento. Se não encontrar o nome, adicione-o na aba "Base de dados". | G4: Número de posições abertas por vaga. Campo livre. | H4: Total de posições preenchidas. Campo livre. | I4: Número total de pessoas que se candidataram para as vagas. Campo livre. | J4: Para qual cidade/estado essa vaga está sendo trabalhada. Campo livre. | K4: Em quais locais a vaga foi compartilhada? Sites, plataformas, universidades etc. Esse campo é de preenchimento livre. | L4: - | M4: - | N4: Não altere essa coluna, os valores são calculados automaticamente. | O4: Valor investido para divulgar a vaga. Informe o valor em reais. Esse campo é livre. | P4: Selecione se a vaga está fechada, aberta etc. Se não encontrar o status, vá para a aba "Base de Dados" e adicione na respectiva coluna. | Q4: Informe algo relevante sobre e a vaga. Por exemplo, se ela foi preenchida, você pode colocar aqui de onde veio a pessoa candidata encontrada. Isso ajuda a direcionar os esforços para o local certo!
B5: Analista de Marketing | C5: Analista | D5: Se não encontrá-la entre as opções, adicione naaba "Base de dados". | E5: Daniela | F5: Marina | G5: 1 | H5: 1 | I5: 83 | J5: Remoto | K5: Linkedin | L5: 45809 | M5: 45820 | N5: =M5-L5 -> 11 | O5: 400 | P5: Fechada
B6: Analista Financeiro | C6: Analista | D6: Financeiro | E6: Marcelo | F6: Marina | G6: 1 | H6: 1 | I6: 55 | J6: Remoto | K6: Linkedin, InHire, Grupos de WhatsaApp | L6: 45839 | M6: 45866 | N6: =M6-L6 -> 27 | O6: 1235 | P6: Fechada | Q6: Grupo de WhatsApp trouxe melhores candidatos
B7: Ténico de Suporte | C7: Assistente | D7: TI | E7: Isabella | F7: Jéssica | G7: 3 | H7: 2 | I7: 152 | J7: Remoto | K7: Linkedin | L7: 45870 | M7: 45881 | N7: =M7-L7 -> 11 | O7: 0 | P7: Fechada
B8: Gerente de Mareketing | C8: Gerente | D8: Marketing | E8: Marcelo | F8: Joice | G8: 1 | H8: 0 | I8: 32 | J8: Remoto | K8: Linkedin | L8: 45608 | M8: 45638 | N8: =M8-L8 -> 30 | O8: 3000 | P8: Congelada
N9: =M9-L9 -> 0
N10: =M10-L10 -> 0
N11: =M11-L11 -> 0
N12: =M12-L12 -> 0
N13: =M13-L13 -> 0
N14: =M14-L14 -> 0
N15: =M15-L15 -> 0
N16: =M16-L16 -> 0
N17: =M17-L17 -> 0
N18: =M18-L18 -> 0
N19: =M19-L19 -> 0
N20: =M20-L20 -> 0
... N80: =M80-L80 -> 0

Sheet Indicadores
B1: Indicadores
B3: Indicadores de recrutamento por perfil de vaga | H3: Distribuição
B4: Quantidade total de posições abertas por cargo (anual) | D4: Quantidade de pessoas candidatas x cargo (ano) | E4: Média de dias abertos x cargo | F4: Valor médio investido x cargo | H4: Quantidade de posições trabalhadas x pessoa recrutadora | J4: Vagas preenchidas | K4: Taxa de fechamento x pessoa recrutadora
B5: {=IFERROR( INDEX('Visão geral'!$C$5:$C$1000, MATCH(0, IF('Visão geral'!$C$5:$C$1000<>"", COUNTIF($B$4:B4,'Visão geral'!$C$5:$C$1000), ""), 0) ), "")} -> Analista | C5: =IF(B5="","",SUMIF('Visão geral'!$C$5:$C$1000,B5,'Visão geral'!$G$5:$G$1000)) -> 2 | D5: =IF(B5="","",SUMIF('Visão geral'!$C$5:$C$1000,B5,'Visão geral'!$I$5:$I$1000)) -> 138 | E5: =IF(B5="","",AVERAGEIF('Visão geral'!$C$5:$C$1000, B5, 'Visão geral'!$N$5:$N$1000)) -> 19 | F5: =IF(B5="","",AVERAGEIF('Visão geral'!$C$5:$C$1000,B5,'Visão geral'!$O$5:$O$1000)) -> 817.5 | H5: {=IFERROR( INDEX('Visão geral'!$F$5:$F$1000, MATCH(0, IF('Visão geral'!$F$5:$F$1000<>"", COUNTIF($H$4:H4,'Visão geral'!$F$5:$F$1000), ""), 0) ), "")} -> Marina | I5: =IF(H5="","",SUMIF('Visão geral'!$F$5:$F$1000,H5,'Visão geral'!$G$5:$G$1000)) -> 2 | J5: =IF(B5="","",SUMIFS('Visão geral'!$H$5:$H$1000, 'Visão geral'!$C$5:$C$1000, B5, 'Visão geral'!$P$5:$P$1000, "Fechada")) -> 2 | K5: =IF(B5="","",(J5/I5)) -> 1
B6: {=IFERROR( INDEX('Visão geral'!$C$5:$C$1000, MATCH(0, IF('Visão geral'!$C$5:$C$1000<>"", COUNTIF($B$4:B5,'Visão geral'!$C$5:$C$1000), ""), 0) ), "")} -> Assistente | C6: =IF(B6="","",SUMIF('Visão geral'!$C$5:$C$1000,B6,'Visão geral'!$G$5:$G$1000)) -> 3 | D6: =IF(B6="","",SUMIF('Visão geral'!$C$5:$C$1000,B6,'Visão geral'!$I$5:$I$1000)) -> 152 | E6: =IF(B6="","",AVERAGEIF('Visão geral'!$C$5:$C$1000, B6, 'Visão geral'!$N$5:$N$1000)) -> 11 | F6: =IF(B6="","",AVERAGEIF('Visão geral'!$C$5:$C$1000,B6,'Visão geral'!$O$5:$O$1000)) -> 0 | H6: {=IFERROR( INDEX('Visão geral'!$F$5:$F$1000, MATCH(0, IF('Visão geral'!$F$5:$F$1000<>"", COUNTIF($H$4:H5,'Visão geral'!$F$5:$F$1000), ""), 0) ), "")} -> Jéssica | I6: =IF(H6="","",SUMIF('Visão geral'!$F$5:$F$1000,H6,'Visão geral'!$G$5:$G$1000)) -> 3 | J6: =IF(B6="","",SUMIFS('Visão geral'!$H$5:$H$1000, 'Visão geral'!$C$5:$C$1000, B6, 'Visão geral'!$P$5:$P$1000, "Fechada")) -> 2 | K6: =IF(B6="","",(J6/I6)) -> 0.66666667
B7: {=IFERROR( INDEX('Visão geral'!$C$5:$C$1000, MATCH(0, IF('Visão geral'!$C$5:$C$1000<>"", COUNTIF($B$4:B6,'Visão geral'!$C$5:$C$1000), ""), 0) ), "")} -> Gerente | C7: =IF(B7="","",SUMIF('Visão geral'!$C$5:$C$1000,B7,'Visão geral'!$G$5:$G$1000)) -> 1 | D7: =IF(B7="","",SUMIF('Visão geral'!$C$5:$C$1000,B7,'Visão geral'!$I$5:$I$1000)) -> 32 | E7: =IF(B7="","",AVERAGEIF('Visão geral'!$C$5:$C$1000, B7, 'Visão geral'!$N$5:$N$1000)) -> 30 | F7: =IF(B7="","",AVERAGEIF('Visão geral'!$C$5:$C$1000,B7,'Visão geral'!$O$5:$O$1000)) -> 3000 | H7: {=IFERROR( INDEX('Visão geral'!$F$5:$F$1000, MATCH(0, IF('Visão geral'!$F$5:$F$1000<>"", COUNTIF($H$4:H6,'Visão geral'!$F$5:$F$1000), ""), 0) ), "")} -> Joice | I7: =IF(H7="","",SUMIF('Visão geral'!$F$5:$F$1000,H7,'Visão geral'!$G$5:$G$1000)) -> 1 | J7: =IF(B7="","",SUMIFS('Visão geral'!$H$5:$H$1000, 'Visão geral'!$C$5:$C$1000, B7, 'Visão geral'!$P$5:$P$1000, "Fechada")) -> 0 | K7: =IF(B7="","",(J7/I7)) -> 0
B8: {=IFERROR( INDEX('Visão geral'!$C$5:$C$1000, MATCH(0, IF('Visão geral'!$C$5:$C$1000<>"", COUNTIF($B$4:B7,'Visão geral'!$C$5:$C$1000), ""), 0) ), "")} | C8: =IF(B8="","",SUMIF('Visão geral'!$C$5:$C$1000,B8,'Visão geral'!$G$5:$G$1000)) | D8: =IF(B8="","",SUMIF('Visão geral'!$C$5:$C$1000,B8,'Visão geral'!$I$5:$I$1000)) | E8: =IF(B8="","",AVERAGEIF('Visão geral'!$C$5:$C$1000, B8, 'Visão geral'!$N$5:$N$1000)) | F8: =IF(B8="","",AVERAGEIF('Visão geral'!$C$5:$C$1000,B8,'Visão geral'!$O$5:$O$1000)) | H8: {=IFERROR( INDEX('Visão geral'!$F$5:$F$1000, MATCH(0, IF('Visão geral'!$F$5:$F$1000<>"", COUNTIF($H$4:H7,'Visão geral'!$F$5:$F$1000), ""), 0) ), "")} | I8: =IF(H8="","",SUMIF('Visão geral'!$F$5:$F$1000,H8,'Visão geral'!$G$5:$G$1000)) | J8: =IF(B8="","",SUMIFS('Visão geral'!$H$5:$H$1000, 'Visão geral'!$C$5:$C$1000, B8, 'Visão geral'!$P$5:$P$1000, "Fechada")) | K8: =IF(B8="","",(J8/I8))
B9: {=IFERROR( INDEX('Visão geral'!$C$5:$C$1000, MATCH(0, IF('Visão geral'!$C$5:$C$1000<>"", COUNTIF($B$4:B8,'Visão geral'!$C$5:$C$1000), ""), 0) ), "")} | C9: =IF(B9="","",SUMIF('Visão geral'!$C$5:$C$1000,B9,'Visão geral'!$G$5:$G$1000)) | D9: =IF(B9="","",SUMIF('Visão geral'!$C$5:$C$1000,B9,'Visão geral'!$I$5:$I$1000)) | E9: =IF(B9="","",AVERAGEIF('Visão geral'!$C$5:$C$1000, B9, 'Visão geral'!$N$5:$N$1000)) | F9: =IF(B9="","",AVERAGEIF('Visão geral'!$C$5:$C$1000,B9,'Visão geral'!$O$5:$O$1000)) | H9: {=IFERROR( INDEX('Visão geral'!$F$5:$F$1000, MATCH(0, IF('Visão geral'!$F$5:$F$1000<>"", COUNTIF($H$4:H8,'Visão geral'!$F$5:$F$1000), ""), 0) ), "")} | I9: =IF(H9="","",SUMIF('Visão geral'!$F$5:$F$1000,H9,'Visão geral'!$G$5:$G$1000)) | J9: =IF(B9="","",SUMIFS('Visão geral'!$H$5:$H$1000, 'Visão geral'!$C$5:$C$1000, B9, 'Visão geral'!$P$5:$P$1000, "Fechada")) | K9: =IF(B9="","",(J9/I9))
B10: {=IFERROR( INDEX('Visão geral'!$C$5:$C$1000, MATCH(0, IF('Visão geral'!$C$5:$C$1000<>"", COUNTIF($B$4:B9,'Visão geral'!$C$5:$C$1000), ""), 0) ), "")} | C10: =IF(B10="","",SUMIF('Visão geral'!$C$5:$C$1000,B10,'Visão geral'!$G$5:$G$1000)) | D10: =IF(B10="","",SUMIF('Visão geral'!$C$5:$C$1000,B10,'Visão geral'!$I$5:$I$1000)) | E10: =IF(B10="","",AVERAGEIF('Visão geral'!$C$5:$C$1000, B10, 'Visão geral'!$N$5:$N$1000)) | F10: =IF(B10="","",AVERAGEIF('Visão geral'!$C$5:$C$1000,B10,'Visão geral'!$O$5:$O$1000)) | H10: {=IFERROR( INDEX('Visão geral'!$F$5:$F$1000, MATCH(0, IF('Visão geral'!$F$5:$F$1000<>"", COUNTIF($H$4:H9,'Visão geral'!$F$5:$F$1000), ""), 0) ), "")} | I10: =IF(H10="","",SUMIF('Visão geral'!$F$5:$F$1000,H10,'Visão geral'!$G$5:$G$1000)) | J10: =IF(B10="","",SUMIFS('Visão geral'!$H$5:$H$1000, 'Visão geral'!$C$5:$C$1000, B10, 'Visão geral'!$P$5:$P$1000, "Fechada")) | K10: =IF(B10="","",(J10/I10))
B11: {=IFERROR( INDEX('Visão geral'!$C$5:$C$1000, MATCH(0, IF('Visão geral'!$C$5:$C$1000<>"", COUNTIF($B$4:B10,'Visão geral'!$C$5:$C$1000), ""), 0) ), "")} | C11: =IF(B11="","",SUMIF('Visão geral'!$C$5:$C$1000,B11,'Visão geral'!$G$5:$G$1000)) | D11: =IF(B11="","",SUMIF('Visão geral'!$C$5:$C$1000,B11,'Visão geral'!$I$5:$I$1000)) | E11: =IF(B11="","",AVERAGEIF('Visão geral'!$C$5:$C$1000, B11, 'Visão geral'!$N$5:$N$1000)) | F11: =IF(B11="","",AVERAGEIF('Visão geral'!$C$5:$C$1000,B11,'Visão geral'!$O$5:$O$1000)) | H11: {=IFERROR( INDEX('Visão geral'!$F$5:$F$1000, MATCH(0, IF('Visão geral'!$F$5:$F$1000<>"", COUNTIF($H$4:H10,'Visão geral'!$F$5:$F$1000), ""), 0) ), "")} | J11: =IF(B11="","",SUMIFS('Visão geral'!$H$5:$H$1000, 'Visão geral'!$C$5:$C$1000, B11, 'Visão geral'!$P$5:$P$1000, "Fechada")) | K11: =IF(B11="","",(J11/I11))
B12: {=IFERROR( INDEX('Visão geral'!$C$5:$C$1000, MATCH(0, IF('Visão geral'!$C$5:$C$1000<>"", COUNTIF($B$4:B11,'Visão geral'!$C$5:$C$1000), ""), 0) ), "")} | C12: =IF(B12="","",SUMIF('Visão geral'!$C$5:$C$1000,B12,'Visão geral'!$G$5:$G$1000)) | D12: =IF(B12="","",SUMIF('Visão geral'!$C$5:$C$1000,B12,'Visão geral'!$I$5:$I$1000)) | E12: =IF(B12="","",AVERAGEIF('Visão geral'!$C$5:$C$1000, B12, 'Visão geral'!$N$5:$N$1000)) | F12: =IF(B12="","",AVERAGEIF('Visão geral'!$C$5:$C$1000,B12,'Visão geral'!$O$5:$O$1000)) | H12: {=IFERROR( INDEX('Visão geral'!$F$5:$F$1000, MATCH(0, IF('Visão geral'!$F$5:$F$1000<>"", COUNTIF($H$4:H11,'Visão geral'!$F$5:$F$1000), ""), 0) ), "")} | J12: =IF(B12="","",SUMIFS('Visão geral'!$H$5:$H$1000, 'Visão geral'!$C$5:$C$1000, B12, 'Visão geral'!$P$5:$P$1000, "Fechada")) | K12: =IF(B12="","",(J12/I12))
B13: {=IFERROR( INDEX('Visão geral'!$C$5:$C$1000, MATCH(0, IF('Visão geral'!$C$5:$C$1000<>"", COUNTIF($B$4:B12,'Visão geral'!$C$5:$C$1000), ""), 0) ), "")} | C13: =IF(B13="","",SUMIF('Visão geral'!$C$5:$C$1000,B13,'Visão geral'!$G$5:$G$1000)) | D13: =IF(B13="","",SUMIF('Visão geral'!$C$5:$C$1000,B13,'Visão geral'!$I$5:$I$1000)) | E13: =IF(B13="","",AVERAGEIF('Visão geral'!$C$5:$C$1000, B13, 'Visão geral'!$N$5:$N$1000)) | F13: =IF(B13="","",AVERAGEIF('Visão geral'!$C$5:$C$1000,B13,'Visão geral'!$O$5:$O$1000)) | H13: {=IFERROR( INDEX('Visão geral'!$F$5:$F$1000, MATCH(0, IF('Visão geral'!$F$5:$F$1000<>"", COUNTIF($H$4:H12,'Visão geral'!$F$5:$F$1000), ""), 0) ), "")} | J13: =IF(B13="","",SUMIFS('Visão geral'!$H$5:$H$1000, 'Visão geral'!$C$5:$C$1000, B13, 'Visão geral'!$P$5:$P$1000, "Fechada")) | K13: =IF(B13="","",(J13/I13))
B14: {=IFERROR( INDEX('Visão geral'!$C$5:$C$1000, MATCH(0, IF('Visão geral'!$C$5:$C$1000<>"", COUNTIF($B$4:B13,'Visão geral'!$C$5:$C$1000), ""), 0) ), "")} | C14: =IF(B14="","",SUMIF('Visão geral'!$C$5:$C$1000,B14,'Visão geral'!$G$5:$G$1000)) | D14: =IF(B14="","",SUMIF('Visão geral'!$C$5:$C$1000,B14,'Visão geral'!$I$5:$I$1000)) | E14: =IF(B14="","",AVERAGEIF('Visão geral'!$C$5:$C$1000, B14, 'Visão geral'!$N$5:$N$1000)) | F14: =IF(B14="","",AVERAGEIF('Visão geral'!$C$5:$C$1000,B14,'Visão geral'!$O$5:$O$1000)) | H14: {=IFERROR( INDEX('Visão geral'!$F$5:$F$1000, MATCH(0, IF('Visão geral'!$F$5:$F$1000<>"", COUNTIF($H$4:H13,'Visão geral'!$F$5:$F$1000), ""), 0) ), "")} | J14: =IF(B14="","",SUMIFS('Visão geral'!$H$5:$H$1000, 'Visão geral'!$C$5:$C$1000, B14, 'Visão geral'!$P$5:$P$1000, "Fechada")) | K14: =IF(B14="","",(J14/I14))
B15: {=IFERROR( INDEX('Visão geral'!$C$5:$C$1000, MATCH(0, IF('Visão geral'!$C$5:$C$1000<>"", COUNTIF($B$4:B14,'Visão geral'!$C$5:$C$1000), ""), 0) ), "")} | C15: =IF(B15="","",SUMIF('Visão geral'!$C$5:$C$1000,B15,'Visão geral'!$G$5:$G$1000)) | D15: =IF(B15="","",SUMIF('Visão geral'!$C$5:$C$1000,B15,'Visão geral'!$I$5:$I$1000)) | E15: =IF(B15="","",AVERAGEIF('Visão geral'!$C$5:$C$1000, B15, 'Visão geral'!$N$5:$N$1000)) | F15: =IF(B15="","",AVERAGEIF('Visão geral'!$C$5:$C$1000,B15,'Visão geral'!$O$5:$O$1000))
B16: {=IFERROR( INDEX('Visão geral'!$C$5:$C$1000, MATCH(0, IF('Visão geral'!$C$5:$C$1000<>"", COUNTIF($B$4:B15,'Visão geral'!$C$5:$C$1000), ""), 0) ), "")} | C16: =IF(B16="","",SUMIF('Visão geral'!$C$5:$C$1000,B16,'Visão geral'!$G$5:$G$1000)) | D16: =IF(B16="","",SUMIF('Visão geral'!$C$5:$C$1000,B16,'Visão geral'!$I$5:$I$1000)) | E16: =IF(B16="","",AVERAGEIF('Visão geral'!$C$5:$C$1000, B16, 'Visão geral'!$N$5:$N$1000)) | F16: =IF(B16="","",AVERAGEIF('Visão geral'!$C$5:$C$1000,B16,'Visão geral'!$O$5:$O$1000))
B17: {=IFERROR( INDEX('Visão geral'!$C$5:$C$1000, MATCH(0, IF('Visão geral'!$C$5:$C$1000<>"", COUNTIF($B$4:B16,'Visão geral'!$C$5:$C$1000), ""), 0) ), "")} | C17: =IF(B17="","",SUMIF('Visão geral'!$C$5:$C$1000,B17,'Visão geral'!$G$5:$G$1000))
B18: {=IFERROR( INDEX('Visão geral'!$C$5:$C$1000, MATCH(0, IF('Visão geral'!$C$5:$C$1000<>"", COUNTIF($B$4:B17,'Visão geral'!$C$5:$C$1000), ""), 0) ), "")} | C18: =IF(B18="","",SUMIF('Visão geral'!$C$5:$C$1000,B18,'Visão geral'!$G$5:$G$1000))
B19: {=IFERROR( INDEX('Visão geral'!$C$5:$C$1000, MATCH(0, IF('Visão geral'!$C$5:$C$1000<>"", COUNTIF($B$4:B18,'Visão geral'!$C$5:$C$1000), ""), 0) ), "")} | C19: =IF(B19="","",SUMIF('Visão geral'!$C$5:$C$1000,B19,'Visão geral'!$G$5:$G$1000))
B20: {=IFERROR( INDEX('Visão geral'!$C$5:$C$1000, MATCH(0, IF('Visão geral'!$C$5:$C$1000<>"", COUNTIF($B$4:B19,'Visão geral'!$C$5:$C$1000), ""), 0) ), "")} | C20: =IF(B20="","",SUMIF('Visão geral'!$C$5:$C$1000,B20,'Visão geral'!$G$5:$G$1000))
B21: {=IFERROR( INDEX('Visão geral'!$C$5:$C$1000, MATCH(0, IF('Visão geral'!$C$5:$C$1000<>"", COUNTIF($B$4:B20,'Visão geral'!$C$5:$C$1000), ""), 0) ), "")} | C21: =IF(B21="","",SUMIF('Visão geral'!$C$5:$C$1000,B21,'Visão geral'!$G$5:$G$1000))
B22: {=IFERROR( INDEX('Visão geral'!$C$5:$C$1000, MATCH(0, IF('Visão geral'!$C$5:$C$1000<>"", COUNTIF($B$4:B21,'Visão geral'!$C$5:$C$1000), ""), 0) ), "")} | C22: =IF(B22="","",SUMIF('Visão geral'!$C$5:$C$1000,B22,'Visão geral'!$G$5:$G$1000))
B23: {=IFERROR( INDEX('Visão geral'!$C$5:$C$1000, MATCH(0, IF('Visão geral'!$C$5:$C$1000<>"", COUNTIF($B$4:B22,'Visão geral'!$C$5:$C$1000), ""), 0) ), "")} | C23: =IF(B23="","",SUMIF('Visão geral'!$C$5:$C$1000,B23,'Visão geral'!$G$5:$G$1000))
B24: {=IFERROR( INDEX('Visão geral'!$C$5:$C$1000, MATCH(0, IF('Visão geral'!$C$5:$C$1000<>"", COUNTIF($B$4:B23,'Visão geral'!$C$5:$C$1000), ""), 0) ), "")} | C24: =IF(B24="","",SUMIF('Visão geral'!$C$5:$C$1000,B24,'Visão geral'!$G$5:$G$1000))
B25: {=IFERROR( INDEX('Visão geral'!$C$5:$C$1000, MATCH(0, IF('Visão geral'!$C$5:$C$1000<>"", COUNTIF($B$4:B24,'Visão geral'!$C$5:$C$1000), ""), 0) ), "")} | C25: =IF(B25="","",SUMIF('Visão geral'!$C$5:$C$1000,B25,'Visão geral'!$G$5:$G$1000))
B26: {=IFERROR( INDEX('Visão geral'!$C$5:$C$1000, MATCH(0, IF('Visão geral'!$C$5:$C$1000<>"", COUNTIF($B$4:B25,'Visão geral'!$C$5:$C$1000), ""), 0) ), "")} | C26: =IF(B26="","",SUMIF('Visão geral'!$C$5:$C$1000,B26,'Visão geral'!$G$5:$G$1000))
B27: {=IFERROR( INDEX('Visão geral'!$C$5:$C$1000, MATCH(0, IF('Visão geral'!$C$5:$C$1000<>"", COUNTIF($B$4:B26,'Visão geral'!$C$5:$C$1000), ""), 0) ), "")} | C27: =IF(B27="","",SUMIF('Visão geral'!$C$5:$C$1000,B27,'Visão geral'!$G$5:$G$1000))
B28: {=IFERROR( INDEX('Visão geral'!$C$5:$C$1000, MATCH(0, IF('Visão geral'!$C$5:$C$1000<>"", COUNTIF($B$4:B27,'Visão geral'!$C$5:$C$1000), ""), 0) ), "")} | C28: =IF(B28="","",SUMIF('Visão geral'!$C$5:$C$1000,B28,'Visão geral'!$G$5:$G$1000))
... B201: {=IFERROR( INDEX('Visão geral'!$C$5:$C$1000, MATCH(0, IF('Visão geral'!$C$5:$C$1000<>"", COUNTIF($B$4:B200,'Visão geral'!$C$5:$C$1000), ""), 0) ), "")} | C201: =IF(B201="","",SUMIF('Visão geral'!$C$5:$C$1000,B201,'Visão geral'!$G$5:$G$1000))

Sheet Materiais relevantes
B1: Materiais relevantes
B3: Acesse nossos materiais gratuitos! Tenha em mãos ferramentas ricas que vão auxiliar ainda mais o seu RH e DP!
D6: [PLANILHA] Checklist de admissão e desligamento
D8: Garanta a gestão eficiente e segura dos processos de admissão e
D9: desligamento das pessoas colaboradoras.
D11: Use esse checklista para:
D12: ✔️ Conferir a documentação necessária para ambos os processos
D13: ✔️ Evitar erros e multas
D14: ✔️ Ter mais praticidade e agilidade
D16: 📝 Baixe agora mesmo o seu checklist!
D19: [PLANILHA] Controle de ASO
D21: Com a nossa planilha, é fácil organizar os diversos tipos de ASO
D22: e evitar possíveis penalidades!
D24: Os benefícios dessa planilha:
... D55: ⭐ Acesse o Conven.IA gratuitamente e sempre que precisar!
